{
    "calibration_positions": {
        "A1": [
            14.0,
            -14.200000000000003
        ],
        "A12": [
            112.9,
            -15.100000000000009
        ],
        "H12": [
            112.6,
            -77.7
        ]
    },
    "well_count": 96,
    "row_count": 8,
    "column_count": 12
}