{
    "calibration_positions": {
        "A1": [
            14.100000000000001,
            -14.0
        ],
        "A12": [
            113.1,
            -14.900000000000006
        ],
        "H12": [
            112.6,
            -77.8
        ]
    },
    "well_count": 96,
    "row_count": 8,
    "column_count": 12
}