{
    "calibration_positions": {
        "A1": [
            24.700000000000003,
            -26.700000000000003
        ],
        "A3": [
            101.9,
            -27.900000000000006
        ],
        "B3": [
            101.9,
            -66.1
        ]
    },
    "well_count": 6,
    "row_count": 2,
    "column_count": 3
}