{"bed_focus": 10, "transform": [[-118.00883708432386, 89.15824036659997], [-26.42689837472085, -59.46457234269906], [107.64413239140623, 9.897367203044972], [-11.666441949311844, 17.100508255389368], [7.977622855663247, 3.379772282594274], [82.48401390947227, 244.5852367801997]], "resolution": [1200, 1200], "scale": [0.007050386085410986, 0.017320891732037356]}